marca,modelo,ano,cor,placa,chassi,valor_compra,valor_venda,status,observacoes
HONDA,ADV 150,,,RKB-9G22,9C2KF4300PR008509,0,0,Vendida,
HONDA,CB250F TWISTER,2015/2016,BRANCA,KWY-6E29,9C2MC4400GR002141,0,0,Vendida,
HONDA,CRF 250 F,,,,9c2kf52205r004055,0,0,Vendida,
HONDA,CG 150 FAN,2012/2012,PRETA,KVS-4955,9C2KC1680CR448623,0,0,Salão,
YAMAHA,YS150 FAZER SED,,,KWJ-7A69,9C6KG0650E0010859,0,0,Vendida,
YAMAHA,NEO 125,,,RKL-6H47,9C6SEB520N0039016,0,0,Salão,
YAMAHA,NEO 125,2022/2023,PRETA,RKL6J44,9C65EB520P0041615,0,0,Salão,
YAMAHA,,,VERMELHA,,,0,0,Salão,
HONDA,NXR160 BROS ESDD,,,SRU-3E11,9C2KD0810RR037594,0,0,Salão,
YAMAHA,MT 03 ABS,,,SQV-1G71,9C6RH1150R0023602,0,0,,
YAMAHA,SAHARA RALLY,2024/2024,VERMELHA,SRX5H38,9C2ND1730RR109105,0,0,Vendida,
YAMAHA,XMAX ,2022/2022,VERMELHA,RKR-6E53,9C6SG6210N0010598,0,0,Salão,
YAMAHA,XMAX,,AZUL,RJG-3H16,9C6SG6210M0006593,0,0,Salão,
YAMAHA,YZF R3,2022/2022,AZUL,RKO-6C30,9C6RH0940N0004944,0,0,Salão,
YAMAHA,YBR 150 FACTOR ED,,BRANCA,RKO-1A65,9C6RG3150M0042359,0,0,Vendida,
SHINERAY,XY125-6A SHINERAY,2020/2021,VERMELHA,RKM-4B65,99HJT4125MS000088,0,0,Vendida,
HONDA,CG 160 TITAN,,LARANJA,TUU-0H45,9C2KC2210SR013963,0,0,Salão,
YAMAHA,YBR 125I FACTOR ED ,2024/2025,PRETA,TTC-4J81,9C6RE2140S0066420,0,0,Salão,
YAMAHA,YBR125I FACTOR ED ,,PRETA,TUT-0H27,9C6RE2140S0066423,0,0,Salão,
YAMAHA,YBR150 NOVA FACTOR,2024/2025,VERMELHA,TTI5A12,9C6RG9910S0000349,0,0,Vendida,
YAMAHA,YS150 FAZER SED,,VERMELHA,TTI-2F13,9C6RG3850S0078638,0,0,Oficina,
YAMAHA,NEO 125,2024/2025,AZUL,TTA-1A14,9C6SEB540S0009556,0,0,Salão,
YAMAHA,NEO 125,2024/2025,VERMELHA,TUF-0B05,9C6SEB540S0009092,0,0,Salão,
YAMAHA,NMAX 160,2025/2025,VERMELHA,TTG5F20,9C6SG9110S0002299,0,0,Salão,
YAMAHA,NMAX160,,PRETO,SRL8E47,9C6SG5920R0017759,0,0,Salão,
YAMAHA,NMAX 160,2025/2025,PRETA,TTF-8B49,9C6SG911050007009,0,0,Salão,
HONDA,PCX 160 CBS,,BRANCA,,9C2KF5200SR004833,0,0,Salão,
HONDA,PCX 160 CBS,,BRANCA,,9C2KF5200SR004833,0,0,Salão,
HONDA,PCX 160 ABS,,,,9C2KF5210SR002079,0,0,Salão,
HONDA,POP 110I ES,,BRANCA,TUW-0D59,9C2JB0100SR256124,0,0,Salão,
YAMAHA,YZF R3 ABS ,2024/2025,BRANCA,TTG-5E72,9C6RH0940S0010405,0,0,Salão,
,,,,,,0,0,,
BMW , C400X SCOOTER,2023/2024,PRETA,SYC7D49,99Z0C3000RZ929412,0,0,Com Pendência,
,,,,,,0,0,,
YAMAHA,MT03 ABS,,PRETA,SQV-1G71,9C6RH1150R0023602,0,0,Vendida,
YAMAHA,FAZER 250,,VERMELHA,RIQ-2B40,9C6RG5010L0053508,0,0,Vendida,
HONDA,ELITE,,VERMELHA,RIP2E20,PC2JF8500MR000642,0,0,Salão,
YAMAHA,MT 03 ABS,,CINZA,SRP7H34,9C6RH1150R0030984,0,0,Vendida,
HONDA,CB 250 TWISTER ,2020/2020,VERMELHO,RKS-2H19,9C2MC4400LR214467,0,0,Vendida,
YAMAHA,FZ 25,2022/2022,PRETA,RJB-6E63,9C6RG5020N0021516,0,0,Oficina,
HONDA,PCX DLX ABS,2023/2023,AZUL,SRP1I22,9C2KF5220PR012965,0,0,Oficina,
HONDA,PCX 160 ABS,2023/2023,BRANCA,LUQ-8D44,9C2KF5210PR008433,0,0,Oficina,
HONDA,CRF 250 F,2022/2022,VERMELHA,,00000000000000000000000000,0,0,Oficina,
YAMAHA,NEO 125,2024/2024,PRETA,SRQ2B02,9C6SEB520R0069469,0,0,Oficina,
HONDA, PCX 150 REPASSE,2019/2020,CINZA ,RKD0E44,9C2KF3400LR003213,0,0,Oficina,
YAMAHA ,FZ 15 FAZER ABS,2025/2025,CINZA,TTE-8G31,9C6RG7720S0009406,0,0,Salão,
YAMAHA,YS150 FAZER SED,2024/2025,VERMELHA,TTI2F13,9C6RG3850S0078638,0,0,Salão,
BMW,C400X,2023/2024,PRETA,SYC7D49,99Z0C3000RZ929412,0,0,Oficina,
YAMAHA,YBR 150 FACTOR ED,2024/2024,VERMELHA,SRT6G83,9C6RG3160R0140426,0,0,Vendida,
HONDA ,PCX 160 DLX ABS,2023/2023,AZUL,SRP1I22,9C2KF5220PR012865,0,0,Oficina,
YAMAHA,LANDER XTZ 250 ABS,2025/2025,VERMELHA,TTG-5I60,9C6DG3340S0014648,0,0,Salão,
YAMAHA,FZ25 FAZER,2020/2020,VERMELHA,RIQ-2B40,9C6RG5010L0053508,0,0,Oficina,
YAMAHA,FZ 25,2024/2024,VERDE,SRB-9H41,9C6RG5020R0094391,0,0,Oficina,
KAWASAKI,Z900,2023/2023,PRETA,SQY5B61,96PZREF19PF500843,0,0,Vendida,
HONDA,NC 750X,2015/2015,PRETA,LSE7D80,9C2RC7320FR000596,0,0,Oficina,
HONDA,CB 500X,2022/2023,VERMELHA,RUH9J23,9C2PC4920PR000099,0,0,Desistência consignação,
HONDA ,ADV 150,2023/2024,VERMELHA,SQZ8F8,9C2KF4300RR004094,0,0,Oficina,
HONDA ,PCX 160 ABS ,2022/2023,BRANCA ,RKE-8C49,9C2KF5210PR000390,0,0,Oficina,
YAMAHA,NMAX ,2020/2020,VERMELHA,RKB-0F72,9C6SG3310L0047982,0,0,Vendida,
HONDA,CG 160 FAN,2018/2018,branca, BCC2H49,9C2KC2200JR302245,0,0,Oficina,
HONDA ,PCX 160 ABS,2023/2023,BRANCA,SRO-0G49,9C2KF5210PR009523,0,0,Salão,
YAMAHA, LANDER XTZ250,2025/2025,AZUL,TUE-0I83,9C6DG3340S0013418,0,0,Salão,
KAWASAKI,2300,2017/2018,VERDE,KYV9I70,96PERHB13JFS00253,0,0,Vendida,
YAMAHA,FLUO ABS,2025/2026,AZUL,,9C6SEK910T0002555,0,0,Oficina,
MXF,BRAVE 110CC ,,AMARELO,*,HP24MZ33ATV05025,0,0,Oficina,
MXF,BRAVE 110C,,VERDE,,HP24MZ333ATV05049,0,0,Vendida,
MXF,BRAVE 110C,,VERMELHO,,HP24MZ333ATV05012,0,0,Oficina,
MXF,BRAVE,,AZUL,,HP24MZ331ATV05035,0,0,Oficina,
YAMAHA,XMAX,2021/2021,AZUL,RJG3H16,9C6SG6210M0006593,0,0,Oficina,
HONDA,PCX 160 ABS,2024/2025,VERMELHA,TUB0E86,9C2KF52105R001639,0,0,Vendida,
KAWASAKI,VULCON S ABS,2019/2019,PRETA,LMX1H36,96PENCD10KF500353,0,0,Vendida,
Honda ,PCX 160,2024/2024,CINZA,SRD5E21,9C2KF5200RR009947,0,0,Vendida,
YAMAHA,XTZ250,2020/2019,AZUL,RKN0A46,9C6DG3320L0017009,0,0,Vendida,
YAMAHA,NEO 125,2024/2025,AZUL,,9C6SEB540S0013318,0,0,Vendida,
HONDA,CB 300F TWISTER,2025/2025/,VERMELHA,,9C2NC6110SR010141,0,0,Vendida,
YAMAHA,NMAX 160,2025/2025,PRETA,TTG-5A51,9C6SG9110S0007365,0,0,Salão,
HONDA,SAHARA 300,2024/2025,VERMELHA,TTE0H12,9C2ND17305R102074,0,0,Vendida,
YAMAHA,YS 150 FAZER SED,2019/2019,BRANCA,LMV6GO2,9C6RG3882K0010845,0,0,Vendida,
YAMAHA,XTZ150 CROSSER ED ,2017/2017,BRANCA,LSW9G17,9C6DG251040044640,0,0,Vendida,
HONDA,PCX 160 DLX ABS,2024/2025,AZUL,TUF0D38,9C2KF52205R002516,0,0,Vendida,
HONDA,CG 160 TITAN,2024/2025,PRETA,TTE2G54,9C2K22105R011102,0,0,Vendida,
YAMAHA,NEO 125,2024/2025,AZUL,TUF0C8S,9C65EB54050005075,0,0,Vendida,
HONDA,POP 110 I ES,2024/2025,VERMELHA,TUV8B05,9C2JB01005R245381,0,0,Vendida,
YAMAHA,NEO 125,2024/2025,CINZA,TUB0E78,9C6SEB540S0013092,0,0,Vendida,
HONDA ,PCX 160 DLX ABS,2025/2025,AZUL,TUN0J45,9C2KF5220SR009820,0,0,Salão,
HONDA,PCX 160 DLX ABS,2025/2025,AZUL,*,9C2KF2205SR009502,0,0,Salão,
HONDA,PCX 160 DLX ABS,2025,AZUL,*,9C2KF5220SR009726,0,0,Salão,
HONDA ,CG 160 TITAN,2025/2025,LARANJA,,9C2KC2210SR025972,0,0,Salão,
HONDA,CG 160 FAN,2022/2022,PRETA,RJZ7E92,9C2KC2200NR231841,0,0,Vendida,
HONDA,PCX ABS ,2024/2025,VERMELHA,TTC4B15,9C2KF52SR001971,0,0,Vendida,
HONDA,SH 150I DLX ,2021/2021,PRETA,RKP3D70,9C2KF2710MR000290,0,0,Vendida,
HONDA,PCX ABS ,2024/2025,VERMELHA,,9C2KF5210SR001932,0,0,Vendida,
YAMAHA,NEO 125,2024/2025,AZUL,TTC1H29,9C6SEB54050011669,0,0,Vendida,
HONDA ,PCX 150,2014/2015,PRETA,LMD6883,9C2KF1710FR501631,0,0,Vendida,
HONDA,XRE300 SAHARA RALLY,2024/2024,VERMELHA,SRX-5H38,9C2ND1730RR109105,0,0,Vendida,
BMW,F750 GS,2022/2022,AZUL,RKQ7A78,99Z0B2808NZ908125,0,0,Com Pendência,MOTO AINDA NÃO ESTÁ NA LOJA AGUARDANDO CHEGAR PARA CONFERENCIA DE PAGAMENTO DE DÉBITOS PARA FINALIZAR E GUARDAR ENVELOPE
YAMAHA,FZ25 250 FAZER,2025/2025,AZUL,,9C6RG5040S0016862,0,0,Com Pendência,
HONDA,NC750X,2015/2015,PRETA,LSE7D80,9C2RE7320FR000S96,0,0,Salão,
HONDA,NC750X,2015,PRETA,LSE7D80,9C2RE73200FR000596,0,0,Salão,
YAMAHA,FZ25 250 FAZER,2018/2019,AZUL,LMR2E61,9C6RG5010K0019670,0,0,Com Pendência,
BMW ,F750 GS,2022/2022,AZUL,RKQ7A78,99Z0B2808NZ908125,0,0,Salão,
"HONDA,PCX 160 DLX ABS,2024/2025,AZUL,TUS0D88,9C2KF5220SR001774,0,0,Vendida,ENTRADA 7.500,00  NO CARTÃO DE CREDITO REDE 12X 803,00
17.500,00 BRADESCO 48X 819,08"
HONDA,PCX 160 DLX ABS,2024/2025,AZUL,TTB2G35,9C2KF5220SR001909,0,0,Vendida,40.500,00 PIX 
"HONDA,PCX 160 ABS,2024/2025,VERMELHA,TTB2C86,9C2KF5210SR000741,0,0,Vendida,ENTRADA 14.500,00 DA PCX 150
9.500,00 NO TED"
"HONDA,CG FAN 160,2025/2025,PRETA,,9C2KC2200SR217368,0,0,Vendida,19.994,00
1.000,00 MONTEIRO REFERENTE AO FRADE"
"KAWAZAKI,Z650,2020/2021,PRETA,EPA3E06,96PERCK18MFS00238,0,0,Vendida,17.000,00 + PIX ITAU 3.000,00
18.990,00 FINANCIADO DO SANTANDER 48X 765,50"
HONDA,NXR 160 BROS CBS,2024/2025,PRETA,TUC0A13,9C2KD0810SR021309,0,0,Vendida,22.806,16
"HONDA,CG 160 START,2024/2025,VERMELHA,TUI0870,9C2KC2500SR105678,0,0,Vendida,TED 3.500 SANTANDER 08/01 + 17.042,00
SANTANDER 48 X 758.26"
HONDA,XRE 190,2017/2017,PRETA,KRW5C75,9C2MD4100HR016480,0,0,Vendida,
HONDA,CG 160 FAN,2024/2025,PRETA,TTD3F50,9C2KCC2200SR300182,0,0,Vendida,15.000,00 PIX ITAU 31/01/2025 + 6.990,00 10/02/2025
HONDA,PCX DLX ABS,2024/2025,AZUL,SRC1I62,9C2KF5220RR007014,0,0,Vendida,ENTRADA 9.000,00 29/01/2025 ITAU + 5.000,00 30/01/2025 + 4.000,00 30/01/2025 + 1.000,00 CARTÃO DE CREDITO + 2.000,00 06/02/2025
BMW,GS310,2020/2020,PRETA,RKT,99Z0G2206LR889582,0,0,Vendida,ENTRADA 20.000,00 SANTANDER 11/01 + 9.000,00 BV 24X 542
HONDA ,NXR 160 BROS CBS ,2025/2025,PRETA,,9C2KD0810SR065636,0,0,Com Pendência,
HONDA,CG 160 FAN,2025/2025,PRETA,TTH7I55,9C2KC2200SR247759,0,0,Com Pendência,
yamaha,neo 125,2025/2025,azul,tti5h94,9c6seb540s0010951,0,0,Vendida,
YAMAHA,NMAX,2017/2017,BRANCA,LTB-9B80,9C6SG3310H0011375,0,0,Vendida,
YAMAHA,MT 03 ABS,2024/2024,CINZA,SRJ-9H69,9C6RH1150R0032071,0,0,Salão,
YAMAHA,MT-03 ABS,2021/2022,PRETA,RKK6A77,9C6RH1150N0011814,0,0,Com Pendência,
YAMAHA,FZ 25 FAZER ,2018/2019,AZUL,LMR-2E61,9C6RG5010K0019670,0,0,Salão,
YAMAHA,MT 03 ABS,2021/2022,PRETA,RKK-6A77,9C6RH1150N0011814,0,0,Salão,
YAMAHA,FZ25 FAZER,2022/2022,PRETA,RJB6E63,9C6RG5020N0021516,0,0,Vendida,
HONDA,PCX 160 ABS,2022/2023,BRANCA,RKE8C49,9C2KF5210PR000390,0,0,Salão,
YAMAHA,MT 07 ABS,2022/2023,AZUL,LUQ-9D57,9C6RM0940P0006341,0,0,Salão,
HONDA,XRE 300 SAHARA RAL,2023/2024,VERMELHA,SRC -0D58,9C2ND1730RR100409,0,0,Oficina,
HONDA,ADV-150,2022/2022,BRANCA,RJQ7C55,9C2KF4300NR008893,0,0,Vendida,
HONDA,PCX 160 ABS,2023/2023,BRANCA,,9C2KF5210PR006525,0,0,Com Pendência,
YAMAHA,XMAX,2024/2025,AZUL,TTD3D98,9C6SG8610S0000828,0,0,Vendida,
HONDA,POP 110I ES,2024/2025,PRETA,TTK0D02,9C2JB0100SR4416590,0,0,Vendida,
MXF,SHARK 1200,2025/2025,AMARELO,,N/LOCALIZADO,0,0,Vendida,
YAMAHA ,XTZ 150 CROSSER S,2019/2019,BRANCA,LMW6F75,9C6DG2570K0001754,0,0,Com Pendência,
YAMAHA,NMAX 160,2022/2022,BRANCA,RKJ6E85,9C6565910N0027935,0,0,Vendida,
YAMAHA,NMAX,2021/2021,AZUL ,RNL6B12,9C65G5910M0012189,0,0,Vendida,
HONDA,POP 110I ES,2024/2025,BRANCA,TVW0D59,9C2JB01005R256124,0,0,Vendida,
YAMAHA,XMAX,2022/2023,VERMELHA,RJU9H72,9C65G6210P0013033,0,0,Vendida,
HONDA,PCX 150 SPORT ABS,2020/2020,PRATA,LIL0H96,9C2KF3420LR001385,0,0,Vendida,
HONDA,PCX 160 DLX ABS,2024/2025,AZUL,TTD2D72,9C2KF52205R002038,0,0,Vendida,
HONDA,PCX 160 DLX ABS,2024/2025,AZUL,TUF0D61,9C2KF5220SR002257,0,0,Vendida,
YAMAHA,XMAX,2022/2022,VERMELHA,RKR6E53,9C6SG6210N0010598,0,0,Salão,
YAMAHA,YBR 150 FACTOR DX,2025/2025,PRATA,,9C6RG992050008279,0,0,Salão,
YAMAHA,CROSSER Z ABS,2025/2025,VERDE,,9C6DG25F0S0008128,0,0,Salão,
YAMAHA,LANDER XTZ,2025/2025,AZUL,,9C6DG3340S0014970,0,0,Salão,
YAMAHA,NMAX 160,2025/2025,PRATA,,9C6SG9110S0008330,0,0,Salão,
YAMAHA,NMAX,2025/2025,VERMELHA,,9C6SG9110S0004943,0,0,Salão,
YAMAHA,PCX 160 CBS,2025/2025,BRANCA,,9C2KF5200SR005234,0,0,Salão,
YAMAHA,XTZ150 CROSSER S,2019/2019,BRANCA,LMW-6F75,9C6DG2570K0001754,0,0,Oficina,
YAMAHA,LANDER 250 ,2020/2021,AZUL,RJF1B20,9C6DG3320MV025521,0,0,Vendida,
YAMAHA,XMAX,2024/2024,VERMELHA,SRR3I49,9C6SG6210R0026395,0,0,Vendida,
HONDA ,PCX 150 DLX ABS,2022/2022,PRATA,RKP7I69,9C2KF3410NR009715,0,0,Vendida,
HONDA,SAHARA RALLY ,2025/2025,VERMELHA,TU50I66,9C2ND17305R107412,0,0,Vendida,
BMW,RI250GS A,2023/2023,AZUL,SHX6F63,9920M1006PZ923502,0,0,Vendida,
HONDA,CG 160 FAN,2025/2025,VERMELHA,TTM-1A07,9C2KC2200SR248472,0,0,Salão,
YAMAHA,FZ25 FAZER,2025/2025,AZUL,TUK-1A12,9C6RG5040S0016855,0,0,Salão,
HONDA,CG 160 FAN ,2023/2023,PRATA,RKH9J49,9C2KC2200PR078884,0,0,Vendida,
HONDA,ADV 150,2023/2024,VERMELHA,SQZ-8F86,9C2KF4300RR004094,0,0,Salão,
KAWASAKI ,Z300 ABS,2018/2018,VERMELHA,QOI5B95,96PERHBI8JF500376,0,0,Vendida,
YAMAHA,MT07 ABS,2022/2023,AZUL,LUQ-9D57,9C6RM0940P0006341,0,0,Salão,
YAMAHA,FLUO 125,2023/2024,AZUL,TCW-5E33,9C6SEJ310R0023157,0,0,Salão,
YAMAHA,YS 150 FAZER ,2024/2025,VERMELHA,5SE0B39,9C6RG385050072039,0,0,Vendida,
YAMAHA,neo 125,NEO 125,AZUL,TTD1A95,9C65EB54050010906,0,0,Vendida,
YAMAHA,NEO 125,2024/2025,AZUL,TUG0E51,9C6SEB540S0013309,0,0,Vendida,
YAMAHA,FZ 25 FAZER,2024/2025,AZUL,TTC2I88,9C6RG5040S0003119,0,0,Vendida,
YAMAHA,YS150 FAZER SED,2015/2015,BRANCA,LMG8519,9C6KG0650F0030288,0,0,Salão,
HONDA,ADV 150,2022/2022,VERMELHA,RKB8A48,9C2KF4300NR008744,0,0,Salão,
YAMAHA,YZF R15 ABS,2025/2025,CINZA,TTC-5D47,9C6RG8310S0009108,0,0,Salão,
JTZ,CHOPPER RH,2020/2021,VERMELHA,RKU6C15,99KPCK7HKMM101923,0,0,Salão,
HONDA,PCX 150,2021/2021,CINZA,RJB4F56,9C2KF3400MR010285,0,0,Salão,
HONDA,LEAD 110,2015/2015,VERMELHA,KQW8733,9C2JF2500FR500156,0,0,Salão,
HONDA,PCX 150,2015/2015,BRANCA,KQY4C84,9C2KF1710FR806797,0,0,Salão,MAIO/2025 MAIO ESTÁ EM PATY 
HONDA,CG 160 FAN,2025/2025,AZUL,TTE-9F32,9C2KC2200SR249882,0,0,Salão,
HONDA,CB 500F,2023/2023,PRATA,RKJ9G98,9C2PC4820PR002844,0,0,Salão,MOTO PELA SEGUNDA VEZ CONSIGNADA NA LOJA
BMW,G310 GS,2023/2023,MARROM,RIW4D57,99Z0G009PZ921679,0,0,Salão,07/05/25 SYPRIANO LEVOU A CHAVE
YAMAHA,XMAX,2024/2024,VERDE,SRY-4F01,9C6SRG6210R0029416,0,0,Vendida,
YAMAHA ,XMAX,2025/2025,PRETA,,9C6SG8610S0003489,0,0,Vendida,
HONDA,SAHARA RALLY 300,2025/2025,VERMELHA,,9C2NDI730SR18116,0,0,Vendida,
yamaha,fz25 fazer,2025/2025,azul,,9c6rg5040s0019732,0,0,Salão,
yamaha,xtz250 lander,2025/2025,VERMELHA,TTR1B70,9C6DG3340S0015580,0,0,Vendida,
YAMAHA,YBR125I FACTOR ED,2024/2025,PRETA,,9C6RE2140S0066235,0,0,Salão,
YAMAHA,XTZ250 LANDER,2025/2025,AZUL,,9C6DG3340S0017089,0,0,Salão,
YAMAHA,YBR150 FACTOR,2025/2025,BRANCA,,9C6RG9910S0006841,0,0,Salão,
YAMAHA,NMAX 160,2025/2025,VERMELHA,,9C6SG9110S0006699,0,0,Salão,
YAMAHA,FZ25 FAZER,2025/2025,VERMELHA,,9C6RG5040S0013999,0,0,Salão,
YAMAHA,FZ25 FAZER,2025/2025,BRANCA,,9C6RG5040S0020372,0,0,Salão,
YAMAHA,MT03 ABS,2020/2020,AZUL,RJY1C25,9C6RH1140L0017728,0,0,Salão,
HONDA,NXR160 BROS CBS,2025/2025,VERMELHA,,9C2KD0810SR075735,0,0,Salão,
HONDA,POP 110I ES,2025/2026,BRANCA,,9C2JB0100TR204483,0,0,Salão,
TRIUMPH ,TIGER 900 RALLYP,2024/2025,CINZA,SGA-5G22,97NC83DEXSMCA4139,0,0,Salão,
YAMAHA,YS150 FAZER SED,2014/2014,BRANCA,KWJ7A69,9C6KG0650E0010859,0,0,Salão,
Yamaha ,Nmax,2020/2020,Vermelha,Rkb0f72,9c6sg3310l0047982,0,0,Vendida,
Yamaha,Mt03 abs,2024/2024,Cinza,Srp7h34,9c6rh1150r0030984,0,0,Vendida,
Yamaha,Nmax,2025/2025,Prata,TUG0i96,9c6sg9110s0006806,0,0,Vendida,
Yamaha ,Mt03 abs,2023/2024,Preta,Sqv1g71,9c6eh1150r0023602,0,0,Vendida,
YAMAHA ,NMAX 160,2025\2025,PRATA,TTF5F66,9C6SG9110S0005388,0,0,Vendida,
HONDA,PCX 160 ABS,2024/2025,VERMELHA,TTK0F58,9C2KF5210SR001559,0,0,Vendida,
YAMAHA ,NMAX 160,2024\2024,VERMELHA,TTF3D19,9C6SG5920R0028990,0,0,Vendida,
YAMAHA ,XMAX ,2025\2025,PRETA,TTS0G30,9C6SG8610S000213,0,0,Vendida,
HONDA,FAN 160,2025/2025,PR,,9c2kc2200sr217638,0,0,Vendida,
YAMAHA,YZF R1,2014/2015,BRANCA,GCV8I70,JYARN3018FA000555,0,0,Vendida,
HONDA,CG 160 FAN ,2016\2016,PRATA ,LSN8F68,9C2KC2200GR501159,0,0,Vendida,
HONDA,PCX 160 DLX ABS,2024/2025,AZUL,TUS0D88,9C2KF5220SR001774,0,0,Vendida,
HONDA,CG 160 START ,2024\2024,PRATA ,SRF8C86,9C2KC2500RR081329,0,0,Vendida,
HONDA,CRF 250,2025/2025,VERMELHA,,9C2ME1338SR305642,0,0,Vendida,
HONDA,CG 160 FAN,2024/2025,LARANJA,,9C2KC2210SR010693,0,0,Vendida,
"HONDA,XR300L TORNADO  ,2024/2025,VERMELHA,SSB4I36,9C2ND1910SR002031,0,0,Vendida,MANUAL: SIM
CHAVE RESERVA: SIM
DEBITOS CONSIGNAÇÃO IPVA 2025 R$ 369,80 + GRT 2025 R$ 281,00
VALOR DO CUSTO R$ 30.000,00 + R$184,90"
YAMAHA,XMAX ,2020/2021,ROSA,RKG1D12,9C6SG6210M0000579,0,0,Vendida,CUSTO R$18.000,00 - MANUAL: SIM - CHAVE RESERVA: APENAS O CÓDIGO DA CHAVE 
YAMAHA,NEO 125,2016/2017,CINZA,LSU6892,9C6SEB510H0000772,0,0,Vendida,CUSTO R$6.000,00 - DOC DIGITAL 2025 COM CÓDIGO DE SEGURAÇA - SEM CHAVE RESERVA 
FUN MOTORS ,QUADRICICLO RHINO 110cc,,,,00000000000000,0,0,Vendida,CUSTO R$ 7.289,02 
YAMAHA,FZ25 FAZER,2024/2025,VERMELHA,TTE3F75,9C6RG5040S0008271,0,0,Vendida,CUSTO R$22.590,00 + R$374,50 - MANUAL: SIM - CHAVE RESERVA: SIM 
YAMAHA ,NEO 125,2024/2025,CINZA,TUW0F34,9C6SEB540S0012891,0,0,Vendida,CUSTO R$13.350,00 + R$374,50 + R$85,88
HONDA,PCX 160 DLX ABS,2025/2025,AZUL,TTF-5J66,9C2KF5220SR005706,0,0,Salão,
HONDA,BIZ 110I ,2018/2019,BRANCA,QJP6B71,9C2JC7000KR011119,0,0,Oficina,
YAMAHA ,FZ25 FAZER ,2018/2019,PRETA ,QIY7087,9C6RG5010K0011719,0,0,Oficina,
HONDA ,XRE 300 ABS,2021/2022,CINZA,RKK5J36,9C2ND1120NR006453,0,0,Oficina,
HONDA ,NC 750X ,2022/2022,VERMELHA ,RKT7A42,9C2RC9100NR001147,0,0,Salão,
HONDA,NXR 160 BROSS ESDD,2021/2021,AZUL,RJY3I07,9C2KD0810MR036853,0,0,Oficina,
JTA- SUZUKI,V-STROM650 XT,2017/2018,CINZA,KZH7J80,9CDVP56ATJM100974,0,0,Salão,
YAMAHA ,FZ25 FAZER ,2024/2024,VERMELHA ,SRQ1D24,9C6RG5020R0109241,0,0,Salão,
YAMAHA ,XMAX ,2025/2025,PRETA ,SEM PLACA ,9C6SG8610S0004678,0,0,Vendida,
YAMAHA,NMAX 160,2020/2021,AZUL,RJA2F85,9C6SG5910M0002473,0,0,Vendida,
HONDA,PCX 160 ABS,2025/2025,VERMELHA ,,9C2KF5210SR006184,0,0,Salão,
HONDA ,CB 300 F TWISTTER ,2025/2025,AZUL,TTH8A30,9C2NC6110SN017974,0,0,Vendida,
HONDA ,BIZ 125,2021/2022,BRANCA ,RIS6B06,9C2JC4830NR004093,0,0,Oficina,
YAMAHA ,YBR 150 FACTOR ,2025/2025,VERMELHA,-,9C6RG9910S0013535,0,0,Salão,
YAMAHA ,YBR 150 FACTOR ,2025/2025,PRETA,-,9C6RG9910S0013983,0,0,Salão,
YAMAHA ,FZ 25 FAZER ,2025/2025,CINZA,,9C6RG5040S0025182,0,0,Salão,
YAMAHA ,FZ 25 FAZER ,2025/2025,CINZA,TJJ4I11,9C6RG5040S0025158,0,0,Salão,
YAMAHA ,FZ 25 FAZER ,2025/2025,BRANCA,,9C6RG5040S0020380,0,0,Salão,
YAMAHA,FZ25 FAZER ,2025/2025,BRANCA ,,9C6RG5040S0020384,0,0,Salão,
YAMAHA,FACTOR YBR125 ED,2009/2009,AZUL,LPJ3A27,9C6KE120090017701,0,0,Salão,
YAMAHA ,NEO 125,2024\2024,PRETA,SRQ2B02,9C6SEB520R0069469,0,0,Salão,
YAMAHA ,FZ25 FAZER ,2022/2022,PRETA,RJS4H48,9C6RG5020N0025421,0,0,Oficina,
yamaha,mt03 abs,2024/2025,cinza,ttw-0b46,9c6rh1150s0038783,0,0,Vendida,
HONDA,BIZ 125 ES,2012/2013,VERMELHA,KPH-2356,9C2JC4820DR023701,0,0,Vendida,
YAMAHA,FZ25 FAZER,2025/2025,AZUL,TTI-1F02,9C6RG5040S0010121,0,0,Vendida,
HONDA,PCX 160 DLX ABS,2025/2025,AZUL,TTD-4H03,9C2KF5220SR004055,0,0,Vendida,
HONDA,CB 500F,2022/2023,CINZA,LTY8F05,9C2PC4820PR002175,0,0,Vendida,
YAMAHA,NMAX ,2020/2020,PRETA,RJY7I46,9C6SG3310L0048841,0,0,Vendida,
BMW,F750 GS,2018/2019,AMARELA,LTQ7E21,99Z0B2805KZJ23749,0,0,Vendida,
YAMAHA,FZ25 FAZER ,2025/2025,VERMELHA,TTA2C58,9C6RG5040S0011611,0,0,Vendida,
YAMAHA ,NMAX 160,2020/2020,BRANCA,RJY4B35,9C6SG3310L0054316,0,0,Vendida,
HONDA,XRE 300 ABS,2021/2021,CINZA,FPE9F08,9C2ND1120MR003457,0,0,Vendida,MOTO AINDA NAO ESTA EM LOJA, DOCUMENTAÇÃO PENDENTE (TOTAL DE DOCUMENTAÇÃO 4.085,75)
HONDA,CB 250F TWISTTER,2020/2020,VERMELHA,RJT0D34,9C2MC4400LR200441,0,0,Oficina,
honda,CB650F,2015/2015,BRANCA,LRY6D58,9C2RC7710FR500329,0,0,Vendida,
yamaha,neo 125,2024/2025,cinza,tte4a82,9c6seb540s0013773,0,0,Vendida,
yamaha,xmax,2022/2023,VERDE,rjv7g23,9C6SG6210P0014116,0,0,Vendida,
yamaha,nmax 160,2024/2025,VERMELHA,tuv0e51,9C6SG9110S0002026,0,0,Vendida,
YAMAHA,NEO 125,2024/2025,AZUL,TUW0E97,9C6SEB540S0013390,0,0,Vendida,
HONDA,PCX 160 ABS,2024/2025,VERMELHA,TTW0F51,9C2KF5210SR001774,0,0,Vendida,
HONDA,CG160 TITAN,2021/2021,AZUL,RJH3E41,9C2KC2210MR039690,0,0,Vendida,
YAMAHA,NEO 125,2023/2024,AZUL,RJW9I88,9C6SEB520R0053449,0,0,Vendida,
HONDA,PCX 150,2020/2021,CINZA,RIT3E22,9C2KF3400MR002544,0,0,Vendida,
HONDA,CG 150 FAN ,2010/2011,PRETA ,LPT3G46,9C2KC1680BR315991,0,0,Oficina,
HONDA,PCX 160 DLX ABS,2025/2025,AZUL,TTG9B34,9C2KF5220SR012318,0,0,Salão,
honda ,adv 150,2022/2022,VERMELHA,rjs6a23,9C2KF4300NR006140,0,0,Vendida,
yamaha,neo 125,2017/2017,VERMELHA,ltb8440,9C6SEB510H0008092,0,0,Vendida,
YAMAHA,XTZ250 LANDER,2024/2025,AZUL,TTG0H31,9C6DG3340S0007056,0,0,Vendida,
HONDA,CG 160 FAN,2024/2025,VERMELHA,TUQ-0D57,9C2KC2200SR300502,0,0,Vendida,
RE,CLASSIC 350,2024/2024,VERDE,SRW7G41,95V6J1C5RRM000268,0,0,Vendida,
yamaha,DRAGSTAR XVS 650,2005/2005,PRETA,DLE3D38,9C6KM002050003760,0,0,Vendida,
honda,xre300 sahara rally,2024/2025,vermelha,ttk0g39,9c2nd1730sr104515,0,0,Vendida,
HONDA,PCX 150,2019/2019,AZUL,RIR8I11,9C2KF3400KR104189,0,0,Vendida,
HONDA,CG 160FAN,2024/2024,CINZA,SRG7H18,9C2KC2200RR633316,0,0,Vendida,
YAMAHA ,NMAX ,2025/2025,PRATA FOSCA,,9C6SG9110S0002951,0,0,Vendida,
HONDA,PCX 160 ABS,2024/2025,VERMELHA,,9C2KF5210SR001796,0,0,Vendida,
HONDA,PCX 160 ABS,2024/2025,VERMELHA,,9C2KF5210SR002084,0,0,Vendida,
YAMAHA,FZ15 FAZER ,2025/2025,CINZA,TTE8G31,9C6RG7720S0009406,0,0,Vendida,
HONDA,PCX 150 DLX ABS,2022/2022,PRATA,RKD6H95,9C2KF3410NR007259,0,0,Salão,
HONDA,SAHARA 300 RALLY,2025/2025,VERMELHA,,9C2ND1730SR109060,0,0,Vendida,
yamaha,nmax 160 ,2025/2025,PRETA,tto0i77,9C6SG9110S0006646,0,0,Vendida,
YAMAHA,NMAX 160,2024/2024,PRETA,SRL8E47,9C6SG5920R0017759,0,0,Vendida,
honda,cg 160 titan,2024/2025,LARANJA,tuu0h45,9C2KC2210SR013963,0,0,Vendida,
yamaha ,crosser z abs,2025/2025,verde,,9c6dg25f0s0005795,0,0,Vendida,
HONDA,PCX 160 CBS,2025/2025,BRANCA,,9C2KF5200SR004577,0,0,Vendida,
HONDA,PCX 160,2024/2025,VERMELHA,SSE9G59,9C2KF5210SR000180,0,0,Vendida,
HONDA,NXR160 BROS ESDD,2022/2022,BRANCA,RJR6E01,9C2KD0810NR158531,0,0,Vendida,
honda,nc750x abs,2025/2025,vermelha,ttf-7b54,9c2rc9100sr001315,0,0,Vendida,
YAMAHA,XTZ250 LANDER,2025/2025,VERMELHA,TTF6J74,9C6DG3340S0013964,0,0,Vendida,
YAMAHA,FZ25 FAZER,2024/2024,VERDE,SRH8J34,9C6RG5020R0104082,0,0,Vendida,
HONDA,NC750X,2025/2025,VERMELHA,,9C2RC9100SR001363,0,0,Vendida,
HONDA,PCX 150 ABS,,CINZA,RKI0C51,9C2KF3470LR000685,0,0,Vendida,
YAMAHA ,NMAX 160,2022/2022,AZUL,RKN7D92,9C6SG5910N0033501,0,0,Vendida,
honda,pcx 150,2020/2020,cinza,rjb0i48,9c2kf3400lr010105,0,0,Vendida,
YAMAHA,YBR125I FACTOR ED,2024/2025,PRETA,TUT0H27,9C6RE2140S0066423,0,0,Vendida,
HONDA,CG 160 FAN,2025/2025,PRETA,TTF6A13,9C2KC2200SR226676,0,0,Vendida,
HONDA,PCX 160 DLX ABS,2025/2025,AZUL,TUN0F45,9C2KF5220SR004054,0,0,Vendida,
HONDA,POP 110I ES,2025/2025,BRANCA,TTG3D85,9C2JB0100SR262319,0,0,Vendida,
HONDA,PCX 160 DLX ABS,2025/2025,AZUL,TTI1H13,9C2KF5220SR003659,0,0,Vendida,
yamaha ,neo 125,2018/2019,branca,ltk9260,9c6seb510k0017642,0,0,Vendida,
honda,pop 110i es,2024/2025,branca,tuw0d59,9c2jb0100sr256124,0,0,Vendida,
HONDA,PCX 160 DLX ABS,2025/2025,AZUL,TUK0H14,9C2KF5220SR004009,0,0,Vendida,
HONDA ,CG 160 TITAN,2025/2025,VERMELHA ,TTQ1C62,9C2KC2210SR056141,0,0,Vendida,
YAMAHA,NEO 125,2020/2021,AZUL,RJT2F60,9C6SEB520M0018120,0,0,Vendida,
KAWASAKI,Z900 RS,2024/2024,PRETA,SRT0A21,96PZREE11RFS00033,0,0,Salão,
YAMAHA,XMAX,2023/2023,VERDE,SRI5E25,9C6SG6210P0021423,0,0,Salão,
yamaha,mt03 abs,2020/2021,PRETA,qvm8c51,9C6RH1150M0003110,0,0,Salão,
YAMAHA ,MT03 ABS,2024/2024,CINZA,SRP7H34,9C6RH1150R0030984,0,0,Salão,
KAWASAKI,Z1000,2017/2018,CINZA,LTG6D28,96PZRDJ12JF500109,0,0,Vendida,
KAWASAKI,Z1000 R ABS,2017/2018,CINZA,LTG6D28,96PZRDJ12JFS00109,0,0,Salão,
HONDA,CB 250 F CBS,2020/2020,PRATA,RKQ1D88,9C2MC4400LR206026,0,0,Oficina,
YAMAHA ,FLUO 125,2024/2025,AZUL,SRX9J66,9C6SEJ310S0031267,0,0,Salão,
YAMAHA,FZ25 FAZER,2024/2024,CINZA,SRX9G40,9C6RG5020R0121918,0,0,Salão,
YAMAHA,FAZER250 ,2015/2015,BRANCA,KWS6G95,9C6KG0490F0022964,0,0,Salão,
HONDA,CG 160 TITAN,2023/2023,CINZA,LUS5D81,9C2KC2210PR070725,0,0,Oficina,MOTO FORNECIDA POR SAVIO (24 99904-1193) - CHAVE RESERVA - MANUAL - CÓDIGO DE SEGURANÇA 
HONDA,CG 160 TITAN,2025/2025,PRETA,TTQ1C99,9C2KC2210SR035802,0,0,Salão,
honda,cg 160 titan,2024/2024,cinza,srp9f36,9c2kc2210rr058576,0,0,Salão,
honda,pop110i es,2025/2026,branca,ttp-1d66,9c2jb0100tr209408,0,0,Salão,
HONDA,SH 150 I,2021/2021,CINZA,RJR2H75,9C2KF2700MR001064,0,0,Salão,
HONDA,ELITE 124,2024/2025,PRATA,TUS0C26,9C2JK3400SR008541,0,0,Salão,
YAMAHA,XMAX,2023/2024,VERMELHA,SRH6E66,9C6SG6210R0022742,0,0,Salão,
KAWASAKI,Z900,23/23,PRETA,SQY5B61,96PZREF19PFS00843,0,0,Vendida,
YAMAHA ,FZ25 FAZER ,2022/2023,VERMELHA,RJK9G60,9C6RG5020P0035505,0,0,Oficina,Baixa ela paga
HONDA,BIZ 125 EX,2015/2015,BRANCA,KWS-9A04,9C2JC4830FR053140,0,0,Salão,
HONDA,CB300R LIMITED,2014/2014,BRANCA,LMB8E00,9C2NC4330ER002499,0,0,Salão,
Honda,PCX 160 ABS,2023|2023,Branca,SRH0J18,9C2KF5210PR009926,0,0,Vendida,
Honda,PCX DIX ABS,2025 | 2025,AZUL,TUW0F69,9C2KF5220SR004120,0,0,Vendida,
honda,pcx 150,2015/2015,preta,lrw3461,9c2kf1710fr201364,0,0,Salão,
Honda,PCX 160 CBS,2025 | 2025,Branca,TTE7A89,9C2KF5200SR005149,0,0,Vendida,
HONDA,NXR 160 BROS CBS,2025 | 2025,VERMELHA,TUH0H96,9C2KD0810SR056005,0,0,Vendida,
HONDA,BIZ 110 i,2023 | 2024,BRANCA,SRC3G58,9C2JC7000RR032216,0,0,Vendida,
YAMAHA,NEO 125,2022 | 2022,AZUL,RKL6H47,9CSSEB520N0039016,0,0,Vendida,
HONDA,CG 160 FAN,2025 | 2025,AZUL,TTE6C99,9C2KC2200SR229012,0,0,Vendida,
YAMAHA,NEO 125,2020 | 2021,PRATA,RIV3G17,9C6SEB520M0016817,0,0,Vendida,
HONDA,PCX 160,2025 | 2025,BRANCA,TTG4C64,9C2KF5200SROO4833,0,0,Vendida,
HONDA,PCX 160 ABS,2024 | 2025,VERMELHA,TTE7B04,9C2KF5210SR002079,0,0,Vendida,
YAMAHA,FZ 25 FAZER,2024 | 2025,BRANCA,TUE0C68,9C6RG5040S0006679,0,0,Vendida,
HONDA,XRE 190 SE,2023/2024,verde,srm3f32,9c2md4110rr000498,0,0,Salão,
TRIUMPH,TIGER 1200 DES,2020/2020,CINZA,RJP1J28,97NF43XB7LMAA9025,0,0,Salão,
i,re classic 350,2022/2023,cinza,lui5g97,me3djelt5pv004181,0,0,Salão,
HONDA,CB300F TWISTER ABS,2023/2023,VERMELHA,SQX-7G92,9C2NC6110PR023772,0,0,Salão,
HONDA,PCX 150,2018/2018,AZUL,LMQ0B59,9C2KF2200JR022799,0,0,Salão,
Honda,fan,2021 | 2022,vermelha,rkq5d30,9c2kc2200nr141144,0,0,Salão,
yamaha,fazer 250,2009 | 2010,Preta,ejq9d81,9c6kg0270a0012483,0,0,Salão,
Suzuki,V-strom ,2017 | 2018,Vermelha,PTC1J66,9CDVU51AAJM101980,0,0,Salão,
Honda,sh150i,2018 | 2018,VERMELHA,LUL7D82,9C2KF2700JR001355,0,0,Salão,
yamaha,xtz 250 lander,2025 | 2025,CINZA,,9C6DG334050022863,0,0,Salão,
YAMAHA,FAZER,2024 | 2024,CINZA,,9C6RG5020R0128582,0,0,Salão,
YAMAHA,NMAX,2025 | 2025,PRATA,,9C6SG9110S0011377,0,0,Salão,
YAMAHA,NMAX 160,2025 | 2025,PRATA,,9C65G911050012530,0,0,Salão,
YAMAHA,XTZ 250 LANDER,2025 | 2025,VERMELHA,,9C6DG3340S0019158,0,0,Vendida,
YAMAHA,XTZ250 LANDER,2025 | 2025,AZUL,,9C6DG334050023371,0,0,Salão,
YAMAHA,FZ15 FAZER ABS,2025 | 2025,CINZA,,9C6RG772050017322,0,0,Salão,
HONDA,POP 110IES,2026 | 2025,BRANCA,,9C2JB0100TR009043,0,0,Salão,
HONDA,CG 160 FAN,2025 | 2025,AZUL,,9C2RC2200SR400355,0,0,Salão,
HONDA,PCX 160 DLX,2025 | 2025,AZUL,,9C2KF5220SR013409,0,0,Salão,
HONDA,CB300 F TWISTER,2025,AZUL,,9C2NC6110SR027917,0,0,Salão,
yamaha,fz25,2025,cinza,tth9d80,9c6rg504050019981,0,0,Salão,
HONDA,CB300 F TWISTER,2025,AZUL,,9C2NC6110SR027917,0,0,Salão,
YAMAHA,FZ25 FAZER ,2019/2019,BRANCA ,LTP9B91,9C6RG5010K0023989,0,0,Salão,
HONDA,CG 160 TITAN,2017/2018,PRETA,LTE4G25,9C2KC2210JR005512,0,0,Salão,
HONDA,CG 160 CARGO,2024/2024,BRANCA,SRS8E82,9C2KC2220RR007200,0,0,Salão,
HONDA,POP 110 I,2023 | 2024,PRETA,SRD0B96,9C2JB0100RR016136,0,0,Salão,
TRIUMPH,TIGER XCX,2015 | 2015,PRETA,KXF8B25,97NE07BF0FM705843,0,0,Salão,
"YAMAHA,XTZ150 CROSSER,2021/2020,BRANCA ,RKP2D07,9C2DG2570M0016273,0,0,Vendida,MOTO SEM GARANTIA E ENTREGUE NA HORA
MOVIMENTA ANGRA"
HONDA ,NXR 160 BROS ,23/24,BRANCA ,SRU3611,9C2KD0810RR037594,0,0,Vendida,
Honda,XRE 300 SAHARA,2025 | 2025,VERMELHA,,9C2ND1730SR111114,0,0,Vendida,
HONDA,CG 160 TITAN ,23/23,CINZA,TTI5F15,9C2KC2210PR070724,0,0,Salão,
Honda,PCX 160 DLX ABS,2025 | 2025,Azul,,9C2KF5220SR014755,0,0,Salão,
honda,ADV 160,2025 | 2025,Prata,,9C2KF4300SR009066,0,0,Vendida,
honda ,CG FAN,2023 | 2024,PRETA,SRU5E23,9C2KC2200RR318804,0,0,Salão,
YAMAHA,N MAX 160 SE,2024 | 2024,CINZA,GTN 2H90,9C2SG5920R0017552,0,0,Salão,
HONDA,CG 150 FAN ESD,2014/2015,PRETA,LMC7518,9C2KC1680FR506216,0,0,Salão,
HONDA,CB300F TWISTER CBS,2024/2024,CINZA,SSD3B63,9C2NC6100RR015757,0,0,Salão,
HONDA,CG 160 TITAN ,2025 | 2025,VERMELHA,TTL4A65,9C2KC2210SR071242,0,0,Salão,
HONDA,PCX 160,2025/2025,BRANCA,TTN3G01,9C2KF5200SR009184,0,0,Salão,
yamaha,N MAX,2020 | 2020,PRETA,RJQ1A54,9C6SG331020050628,0,0,Salão,
HONDA,PCX 150,2014 | 2015,Branca,FBI4833,9C2KF1710FR500824,0,0,Salão,
